S/N,Awarded,Title,Agency,Awardee,Tender Number,Ref_Num,Respondents
1,OPEN,Integrated Facilities Management Operator for Rapid Transit Systems (RTS) Link Facility,Land Transport Authority,N/A,LTA000ETT25000026,T2330,N/A
2,OPEN,Management & Maintenance of Bicycle Parking Facilities,Land Transport Authority,N/A,LTA000ETT25000030,RS901,N/A
3,OPEN,Provision of Facility Management Services for Permanent Mission of the Republic of Singapore to the UN in New York,Ministry of Foreign Affairs,N/A,FOR000ETT25000031,N/A,N/A
4,OPEN,Reinstatement of Changi Airport Passenger Terminal building 2 rooftop flooring for Meteorological Service Singapore,National Environment Agency,N/A,NEA000ETQ25000058,N/A,N/A
5,AWARDED,2-Year Term Contract For Provision Of Smart And IFM Services For The Maintenance Of MPA's Foreshore And Offshore Properties And Facilities,Maritime and Port Authority of Singapore,['SMM PTE. LTD.'],MPA000ETT24000053,INC2400994/070/2024,"[('CBM PTE. LTD.', '6,859,680.00 (SGD)'), ('CERTIS INTEGRATED FACILITIES MANAGEMENT PTE. LTD.', '5,559,444.00 (SGD)'), ('CPG FACILITIES MANAGEMENT PTE LTD', '6,944,535.00 (SGD)'), ('CYCLECT FACILITIES MANAGEMENT PTE. LTD.', '4,671,896.00 (SGD)'), ('DIGO CORPORATION PTE. LTD.', '6,703,470.80 (SGD)'), ('FONDA GLOBAL ENGINEERING PTE. LTD.', '8,361,000.00 (SGD)'), ('MKV ENGINEERING AND TRADING SERVICES PTE. LTD.', '6,940,980.00 (SGD)'), ('SH INTEGRATED SERVICES PTE. LTD.', '8,259,249.00 (SGD)'), ('SMM PTE. LTD.', '5,667,812.00 (SGD)')]"
6,AWARDED,Appointment of Managing Agent for the Management of Commercial State Properties,Singapore Land Authority,['C&W SERVICES (S) PTE. LTD.'],SLA000ETT24000026,PT24-17/24-ITT15,"[('C&W SERVICES (S) PTE. LTD.', '61,603,814.00 (SGD)'), ('CBM PTE. LTD.', '70,041,350.00 (SGD)'), ('CHAMBERS PROPERTY MANAGEMENT SERVICES PTE LTD', '69,530,150.00 (SGD)'), ('JONES LANG LASALLE PROPERTY CONSULTANTS PTE LTD', '75,517,670.00 (SGD)')]"
7,AWARDED,Arc Flash Assessment for Electrical Panels at the 230kV substation for Integrated Waste Management Facility (IWMF),National Environment Agency,['EQSHINE ENGINEERING PTE. LTD.'],NEA000ETQ25000037,N/A,"[('AMEGA PRECESS MANAGEMENT PTE. LTD.', '29,000.00 (SGD)'), ('BESCON ENGINEERING SERVICES PTE. LTD.', '120,000.00 (SGD)'), ('DRPL CORPORATION PTE. LTD.', '22,800.00 (SGD)'), ('EQ-SHINE ENGINEERING PTE. LTD.', '5,000.00 (SGD)'), ('HY M&E CONSULTANCY SERVICES PTE. LTD.', '140,000.00 (SGD)')]"
8,AWARDED,INVITATION TO QUOTE FOR THE PROVISION OF CONSULTANCY SERVICES FOR THE RECERTIFICATION OF BCA GREEN MARK AWARD FOR MAS BUILDING,Monetary Authority of Singapore,['APM PROPERTY MANAGEMENT PTE. LTD.'],MAS000ETQ25000004,CSD/Q/24/GM/IL/062,"[('BUILDING SYSTEM AND DIAGNOSTICS PTE. LTD.', '41,000.00 (SGD)'), ('CBM SOLUTIONS PTE. LTD.', '38,000.00 (SGD)'), ('ESR REAL ESTATE SERVICES MANAGEMENT PTE. LTD.', '24,000.00 (SGD)'), ('SAC ENERGY (S) PRIVATE LIMITED', '30,000.00 (SGD)'), ('WSP CONSULTANCY PTE. LTD.', '40,000.00 (SGD)')]"
9,AWARDED,INVITATION TO TENDER - PROVISION OF SERVICES FOR REPLACEMENT OF UN-INTERRUPTED POWER SUPPLY (UPS) SYSTEMS FOR NATIONAL LIBRARY BUILDING,National Library Board,['INTERLINK POWER SYSTEM PTE LTD'],NLB000ETT25000004,N/A,"[('3P POWER PTE. LTD.', '274,520.00 (SGD)'), ('BLUERAY PTE. LTD.', '801,980.00 (SGD)'), ('EDPN TECHNOLOGIES PTE. LTD.', '294,980.00 (SGD)'), ('ENGIE ITS PTE. LTD.', '484,336.00 (SGD)'), ('GREEN ENGINEERING & CONSTRUCTION PTE. LTD.', '753,100.00 (SGD)'), ('INTERLINK POWER SYSTEM PTE LTD', '218,000.00 (SGD)'), ('TERRA SOL PRIVATE LIMITED', '715,800.00 (SGD)')]"
10,AWARDED,INVITATION TO TENDER FOR MANAGING AGENT SERVICES FOR SPORTSG FACILITIES FOR A PERIOD OF 3 YEARS WITH AN OPTION TO EXTEND FOR ANOTHER 3 YEARS,Singapore Sports Council (Sport Singapore),['UEMS SOLUTIONS PTE. LTD.'],SSC000ETT24000049,N/A,"[('C&W SERVICES (S) PTE. LTD.', '1,991,760.00 (SGD)'), ('C+H ASSOCIATES PTE. LTD.', '1,940,400.00 (SGD)'), ('CBM PTE. LTD.', '2,066,316.00 (SGD)'), ('CHIONG CONSTRUCTION PTE. LTD.', '2,138,880.00 (SGD)'), ('CPG FACILITIES MANAGEMENT PTE LTD', '2,506,203.00 (SGD)'), ('CYCLECT FACILITIES MANAGEMENT PTE. LTD.', '1,800,360.00 (SGD)'), ('GUTHRIE FMC PTE. LTD.', '1,794,024.00 (SGD)'), ('ISS FACILITY SERVICES PRIVATE LIMITED', '2,144,532.00 (SGD)'), ('KNIGHT FRANK PROPERTY & FACILITIES MANAGEMENT PTE. LTD.', '1,943,448.00 (SGD)'), ('RAFFLES STRATA MANAGEMENT PTE. LTD.', '2,200,590.00 (SGD)'), ('UEMS SOLUTIONS PTE. LTD.', '1,329,480.00 (SGD)'), ('VICTOR ENGINEERING & TRADING PTE LTD', '3,012,288.00 (SGD)')]"
11,AWARDED,INVITATION TO TENDER FOR PROVISION OF INTEGRATED FACILITIES MANAGEMENT SERVICES AT THE MOEHQ BUILDINGS AND SINGAPORE EXAMINATIONS AND ASSESSMENT BOARD,Ministry of Education,['C&W SERVICES (S) PTE. LTD.'],MOE000ETT24000114,MOE000/HQS/HQFM/2024/11/001,"[('C&W SERVICES (S) PTE. LTD.', '91,514,963.00 (SGD)'), ('CBM PTE. LTD.', '92,905,844.00 (SGD)'), ('CPG FACILITIES MANAGEMENT PTE LTD', '116,355,884.00 (SGD)'), ('ENGIE SERVICES SINGAPORE PTE. LTD.', '132,691,888.00 (SGD)'), ('EXCELTEC PROPERTY MANAGEMENT PTE LTD', '104,057,919.00 (SGD)'), ('FONDA GLOBAL ENGINEERING PTE. LTD.', '108,798,556.00 (SGD)'), ('JONES LANG LASALLE PROPERTY CONSULTANTS PTE LTD', '106,168,747.00 (SGD)'), ('KIM YEW INTEGRATED PTE. LTD.', '100,988,200.00 (SGD)'), ('KNIGHT FRANK PROPERTY & FACILITIES MANAGEMENT PTE. LTD.', '98,778,570.00 (SGD)'), ('ST ENGINEERING SYNTHESIS PTE. LTD.', '85,873,269.00 (SGD)')]"
12,AWARDED,Invitation to Quote for the Provision of Accredited Checker Services for the Proposed Redevelopment Building at 7 Canning Rise,Ministry of Social and Family Development - Ministry Headquarter,['ECAS CONSULTANTS PTE. LTD.'],CDVHQ0ETQ24000040,PR202410-102,"[('ECAS CONSULTANTS PTE. LTD.', '30,000.00 (SGD)'), ('JIB SPECIALIST CONSULTANTS PTE. LTD.', '68,000.00 (SGD)'), ('KTP CONSULTANTS PTE LTD', '93,000.00 (SGD)'), ('PH CONSULTING PTE. LTD.', '76,660.00 (SGD)')]"
13,AWARDED,MAINTENANCE SERVICES FOR THE POTABLE WATER TANK AND PUMP SYSTEM AT HDB CENTRE OF BUILDING RESEARCH (CBR),Housing and Development Board,['NKH BUILDING SERVICES PTE. LTD.'],HDB000ETQ24000269,BRI-QN240033,"[('ACE INTEGRATED PTE. LTD.', '51,998.00 (SGD)'), ('AQUAFORCE PRIVATE LIMITED', '29,850.00 (SGD)'), ('AUO DIGITECH PTE. LTD.', '71,190.00 (SGD)'), ('GRUNDFOS (SINGAPORE) PTE LTD', '43,685.00 (SGD)'), ('HYDRA TECH PTE. LTD.', '97,150.00 (SGD)'), ('HYY ENGINEERING (PTE.) LTD.', '37,920.00 (SGD)'), ('LAMINAR PTE. LTD.', '83,250.00 (SGD)'), ('NKH BUILDING SERVICES PTE. LTD.', '28,720.00 (SGD)')]"
14,AWARDED,PROVISION OF CONSULTANCY SERVICES FOR THE BCA GREEN MARK RE-CERTIFICATION FOR F1 PIT BUILDING.,Singapore Tourism Board,['APM PROPERTY MANAGEMENT PTE. LTD.'],STB000ETQ25000002,STB/F1/24-25/Q19,"[('C&W SERVICES (S) PTE. LTD.', '32,000.00 (SGD)'), ('CBM SOLUTIONS PTE. LTD.', '28,000.00 (SGD)'), ('ESR REAL ESTATE SERVICES MANAGEMENT PTE. LTD.', '18,000.00 (SGD)'), ('LJ ENERGY PTE. LTD.', '22,000.00 (SGD)'), ('MEINHARDT (SINGAPORE) PTE LTD', '33,000.00 (SGD)'), ('SAVILLS (SINGAPORE) PTE. LTD.', '24,350.00 (SGD)'), ('WSP CONSULTANCY PTE. LTD.', '23,500.00 (SGD)')]"
15,AWARDED,PROVISION OF MANAGING AGENT AND COMPREHENSIVE MAINTENANCE OF THE HDB MECHANISED PARKING SYSTEM (MPS) AND BUILDING FACILITIES,Housing and Development Board,['CYCLECT FACILITIES MANAGEMENT PTE. LTD.'],HDB000ETT24000296,PCG-TN240211,"[('CYCLECT FACILITIES MANAGEMENT PTE. LTD.', '19,661,488.00 (SGD)')]"
16,AWARDED,PROVISION OF SERVICES FOR PAINTING WORKS AT F1 PIT BUILDING,People's Association,['GR BUILDING & CONSTRUCTION PTE. LTD.'],PAS000ETQ25000012,PA-ITQ-2025-0013,"[('AB ASSOCIATES PTE. LTD.', '29,900.00 (SGD)'), ('ACEPROJECT CONSTRUCTION PTE. LTD.', '38,000.00 (SGD)'), ('ADONISSI SERVICES PTE. LTD.', '113,119.00 (SGD)'), ('ADVANCED ENGINEERING GROUP (INTERNATIONAL) PTE. LTD.', '68,450.00 (SGD)'), ('ADVANCED SPECIALIST PTE. LTD.', '58,800.00 (SGD)'), ('ASIANCE CONSTRUCTION PTE. LTD.', '26,996.50 (SGD)'), ('CHOO BOO SIANG SPRAY PAINTING', '62,685.00 (SGD)'), ('DKS PAINTING AND ENGINEERING PTE. LTD.', '252,000.00 (SGD)'), ('EGRADE CONTRACTOR PTE. LTD.', '135,000.00 (SGD)'), ('ELELAURELS PTE. LTD.', '56,000.00 (SGD)'), ('GIMI INTERNATIONAL PTE. LTD.', '73,254.50 (SGD)'), ('GR BUILDING & CONSTRUCTION PTE. LTD.', '29,350.00 (SGD)'), ('GUSH PTE. LTD.', '31,799.60 (SGD)'), ('HRN WATERPROOFING & RENOVATION PTE. LTD.', '133,000.00 (SGD)'), ('PHYLLIS ENGINEERING PTE. LTD.', '76,250.00 (SGD)'), ('PROSEAL CONTRACTS PTE. LTD.', '42,300.00 (SGD)'), ('SILVER SEAL CONSTRUCTIONS PTE. LTD.', '108,080.00 (SGD)'), ('SINDIA ENGINEERING & CONSTRUCTION PTE. LTD.', '58,250.00 (SGD)'), ('THE TOOL BOX CONSTRUCTION PTE. LTD.', '27,950.00 (SGD)'), ('TIMBERPARK PTE. LTD.', '96,000.00 (SGD)'), ('UNICOAT PTE. LTD.', '53,750.00 (SGD)'), ('VELONE ENTERPRISES PTE. LTD.', '84,595.00 (SGD)'), ('WHOOSH SINGAPORE PTE. LTD.', '96,500.00 (SGD)')]"
17,AWARDED,PROVISION OF SERVICES TO CONDUCT BUILDING CONDITION SURVEY FOR PEOPLE’S ASSOCIATION’S PROPERTIES,People's Association,['CUTECH QUALITY SOLUTIONS PTE. LTD.'],PAS000ETT24000137,PA-ITT-2024-0048,"[('BUILDING APPRAISAL PTE LTD', '970,000.00 (SGD)'), ('CHIN COST & MANAGEMENT CONSULTANTS PTE LTD', '1,706,200.00 (SGD)'), ('CKMBT INTERNATIONAL PTE. LTD.', '1,443,000.00 (SGD)'), ('CUTECH QUALITY SOLUTIONS PTE. LTD.', '928,525.00 (SGD)'), ('IGM BUILDING CONSULTANCY PTE. LTD.', '2,221,610.00 (SGD)')]"
18,AWARDED,"Provision Of Building Condition Survey Services at the Singapore Embassy In Phnom Penh, Cambodia.",Ministry of Foreign Affairs,['STRUCTON RESOURCES (PTE.) LTD.'],FOR000ETT24000061,N/A,"[('STRUCTON RESOURCES (PTE.) LTD.', '54,000.00 (USD)')]"
19,AWARDED,"Provision of Managing Agent and Facilities Management Services to the Embassy of the Republic of Singapore in Yangon, Myanmar",Ministry of Foreign Affairs,['CPG FACILITIES MANAGEMENT PTE LTD'],FOR000ETT24000082,N/A,"[('CPG FACILITIES MANAGEMENT PTE LTD', '597,219.48 (USD)')]"
20,AWARDED,"Provision of Service for Conceptualisation, Production & Post-Production of Chung Cheng High School (Main)'s Zhulin Building & Grand Auditorium Video",Ministry of Education - Schools,['LITTLE RED ANTS CREATIVE STUDIO PTE. LTD.'],MOESCHETQ25000818,N/A,"[('ALICE', '16,350.00 (SGD)'), ('APEX TECHNOLOGY GROUP PTE. LTD.', '18,000.00 (SGD)'), ('AWW MEDIA PTE. LTD.', '17,600.00 (SGD)'), ('DES CONSULTANTS PTE LTD', '12,000.00 (SGD)'), ('DEV STUDIO PRODUCTIONZ PTE. LTD.', '25,000.00 (SGD)'), ('DIGITAL BLOWFISH PTE. LTD.', '25,000.00 (SGD)'), ('EQUATRE (PTE. LTD.)', '28,866.00 (SGD)'), ('FILM MAGIK : DGFX (2000) PTE. LTD.', '8,950.00 (SGD)'), ('FPIX MEDIA PTE. LTD.', '21,300.00 (SGD)'), ('FXMEDIA SINGAPORE PTE LTD', '30,000.00 (SGD)'), ('HATCHED PRODUCTIONS LLP', '21,900.00 (SGD)'), ('HOUSE OF SCENES LLP', '30,000.00 (SGD)'), ('LITTLE RED ANTS CREATIVE STUDIO PTE. LTD.', '30,000.00 (SGD)'), ('POCO PRODUCTIONS PTE. LTD.', '12,000.00 (SGD)'), ('THE COMMON FOLK', '35,000.00 (SGD)'), ('THE CUTSCENE COMPANY PTE. LTD.', '16,000.00 (SGD)'), ('THE MOVING VISUALS CO. PTE. LTD.', '55,000.00 (SGD)'), ('THIRD EEYE MEDIA PTE. LTD.', '19,600.00 (SGD)'), (""V'MEDIA"", '8,300.00 (SGD)'), ('VALO CREATIVE PTE. LTD.', '18,000.00 (SGD)'), ('VMC MEDIA PRODUCTIONS PTE. LTD.', '12,850.00 (SGD)')]"
21,AWARDED,Provision of Services for Measured Building Survey,National Library Board,['YJP SURVEYORS PTE LTD'],NLB000ETQ24000064,N/A,"[('A-GEO. SURVEY CONSULTANTS', '28,300.00 (SGD)'), ('CAK & FG SURVEY PTE. LTD.', '22,000.00 (SGD)'), ('LEE BOON HAW SURVEYORS PTE. LTD.', '30,000.00 (SGD)'), ('LEW REGISTERED SURVEYOR', '25,500.00 (SGD)'), ('SURVEY CONSULTANCY LLP', ''), ('YJP SURVEYORS PTE LTD', '6,200.00 (SGD)')]"
22,AWARDED,Supply and Delivery of Personal Protective Equipment To Integrated Waste Management Facility (IWMF),National Environment Agency,"['ARCHER (S) PTE. LTD.', 'PDS INTERNATIONAL PTE LTD', 'FLEMINGS SAFETY PTE. LTD.']",NEA000ETQ25000034,N/A,"[('ARCHER (S) PTE. LTD.', '32,539.50 (SGD)'), ('FLEMINGS SAFETY PTE. LTD.', '38,430.00 (SGD)'), (""Hebei Xiong'an Kanghong Supply Chain Management Co., Ltd."", '133,938.00 (SGD)'), ('PDS INTERNATIONAL PTE LTD', '12,159.00 (SGD)'), ('YONG FAH INTERNATIONAL PTE. LTD.', '29,295.00 (SGD)')]"
23,AWARDED,"TPO-REQ-2024-008566-CT-ITQ for Design for Safety Professional Services for Proposed Additions and Alterations to Existing Building Block 28, DES",Temasek Polytechnic,['SIPM CONSULTANTS PTE. LTD.'],TPO000ETQ24000189,TPO-REQ-2024-008566-CT,"[('BROWN CONSULTING PTE. LTD.', '36,000.00 (SGD)'), ('FONG CONSULT PTE. LTD.', '76,000.00 (SGD)'), ('PH CONSULTING PTE. LTD.', '36,660.00 (SGD)'), ('SIPM CONSULTANTS PTE. LTD.', '30,000.00 (SGD)'), ('WRX ENGINEERS PTE. LTD.', '30,000.00 (SGD)')]"
24,PENDING AWARD,Accredited Checking Services for Proposed A&A to Existing 3-Storey Conservation Building with New 3-Storey Annexe at 45 Armenian Street,National Arts Council,N/A,NAC000ETQ25000009,N/A,N/A
25,PENDING AWARD,Appointment of Facilities Management Company for the Provision of Facilities Management Services for Sembawang Recreation Centre,Ministry of Manpower-Ministry Headquarter,N/A,MOMHQ0ETT25000005,N/A,"[('C&W SERVICES (S) PTE. LTD.', '4,178,819.00 (SGD)'), ('CA FACILITIES PTE. LTD.', '3,400,371.00 (SGD)'), ('CBM PTE. LTD.', '4,843,008.00 (SGD)'), ('CHIONG CONSTRUCTION PTE. LTD.', '3,524,880.00 (SGD)'), ('DIGO CORPORATION PTE. LTD.', '3,124,618.40 (SGD)'), ('GUTHRIE FMC PTE. LTD.', '3,939,874.00 (SGD)'), ('KIM YEW INTEGRATED PTE. LTD.', '5,508,800.00 (SGD)'), ('LITTLE INDIA SHOPKEEPERS AND HERITAGE ASSOCIATION', '3,877,200.00 (SGD)'), ('SH INTEGRATED SERVICES PTE. LTD.', '3,260,600.00 (SGD)'), ('ST ENGINEERING SYNTHESIS PTE. LTD.', '3,058,360.00 (SGD)')]"
26,PENDING AWARD,Design and Build (D&B) of Mechanical and Electrical (M&E) Services for Building Works,Land Transport Authority,N/A,LTA000ETT24000094,PD401,"[('KANDENKO CO LTD', ''), ('SHINRYO CORPORATION', ''), ('UG M&E PTE. LTD.', '')]"
27,PENDING AWARD,Engagement of a Qualified Fire Safety Engineer to Provide Services in the Role of Peer Reviewer for Proposed Building at Tuas Terminal Gateway for Mar,Maritime and Port Authority of Singapore,N/A,MPA000ETQ25000020,INC2100610,N/A
28,PENDING AWARD,ITQ for AC Consultancy Services for the Proposed D&B of an Interim Use 4-Storey Building in Singapore,Ministry of Health-Ministry Headquarter,N/A,HLTHQ0ETQ25000007,MOH ITQ B01/25,N/A
29,PENDING AWARD,Invitation To Quote for One Year pilot trial of an Integrated Fault Management System (IFMS) for Nparks,National Parks Board,N/A,NPB000ETQ25000018,NPARKS/Q/3/2025,N/A
30,PENDING AWARD,PROVISION OF PROJECT MANAGEMENT CONSULTANCY SERVICES FOR THE DEVELOPMENT OF FORENSIC FACILITIES,Ministry of Home Affairs - Ministry Headquarter 1,N/A,MHA00003000023429,N/A,"[('ATS ADVISORY SERVICES', ''), ('CESMA INTERNATIONAL PRIVATE LIMITED', ''), ('SQFT ARCHITECTS PTE. LTD.', ''), ('WSP CONSULTANCY PTE. LTD.', '')]"
31,PENDING AWARD,Pest Control at Integrated Waste Management Facility’s Electrical Substation,National Environment Agency,N/A,NEA000ETQ25000041,N/A,N/A
32,PENDING AWARD,Procurement of Managing Agent Services for the Chancery and Official Residence in Manila,Ministry of Foreign Affairs,N/A,FOR000ETT25000004,N/A,N/A
33,PENDING AWARD,"Provision of Facilities Management Services to the Singapore Embassy and the Official Residences in Tokyo, Japan.",Ministry of Foreign Affairs,N/A,FOR000ETT25000006,N/A,N/A
34,PENDING AWARD,"Provision of Facility management and maintenance services for A*CRC, ITSS & NSCC data centres at F1 Level 17 for a period of Two (2) years.","Agency for Science, Technology and Research",N/A,NST000ETT25000017,T/ACRC/03/FY24,"[('ALFA TECH VESTASIA PTE. LTD.', '1,069,412.00 (SGD)'), ('AVM ENGINEERING PTE. LTD.', '1,228,718.00 (SGD)'), ('CYCLECT FACILITIES MANAGEMENT PTE. LTD.', '1,386,720.00 (SGD)'), ('ENGIE ITS PTE. LTD.', '838,000.00 (SGD)'), ('MAHALAKSHMI ELECTRICAL PTE. LTD.', '998,888.00 (SGD)'), ('NCE CORPORATION (S) PTE. LTD.', '214,626.00 (SGD)'), ('PRESICO ENGINEERING PTE. LTD.', '693,000.00 (SGD)'), ('PRO-MATRIX PTE LTD', '1,151,018.50 (SGD)'), ('SMM PTE. LTD.', '1,137,802.00 (SGD)')]"
35,PENDING AWARD,Provision of Integrated Facilities Management to NEA-Managed Premises,National Environment Agency,N/A,NEA000ETT24000090,N/A,"[('C&W SERVICES (S) PTE. LTD.', '87,568,802.00 (SGD)'), ('CBM PTE. LTD.', '131,693,355.00 (SGD)'), ('CBRE GWS PTE. LTD.', '85,803,887.99 (SGD)'), ('CHYE THIAM MAINTENANCE PTE LTD', '65,171,175.29 (SGD)'), ('FONDA GLOBAL ENGINEERING PTE. LTD.', '59,377,077.00 (SGD)'), ('SMM PTE. LTD.', '69,873,865.44 (SGD)')]"
36,PENDING AWARD,"Provision of Managing Agent Services at the Embassy of the Republic of Singapore in Phnom Penh, Cambodia",Ministry of Foreign Affairs,N/A,FOR000ETT24000087,N/A,N/A
37,PENDING AWARD,Provision of Painting Services for Buildings and Steel Structures,Civil Aviation Authority of Singapore,N/A,CAA000ETT25000012,CAA000/ANS/2025/T04,"[('ADONISSI SERVICES PTE. LTD.', '307,554.69 (SGD)'), ('CHOO BOO SIANG SPRAY PAINTING', '264,950.00 (SGD)'), ('DIAMOND GLASS ENTERPRISE PTE. LTD.', '391,800.00 (SGD)'), ('EGRADE CONTRACTOR PTE. LTD.', '396,000.00 (SGD)'), ('EXCELL ENTERPRISE PTE. LTD.', '535,000.00 (SGD)'), ('HKB ENGINEERING PTE. LTD.', '346,800.00 (SGD)'), ('NEW HORIZON DEVELOPMENT PTE LTD', '688,400.00 (SGD)'), ('OWJ PAINTING & CONSTRUCTION PTE. LTD.', '297,000.00 (SGD)'), ('PROOF-TECH WATERPROOFING & MAINTENANCE PTE. LTD.', '685,000.00 (SGD)'), ('PROSEAL CONTRACTS PTE. LTD.', '476,000.00 (SGD)'), ('SINDIA ENGINEERING & CONSTRUCTION PTE. LTD.', '642,000.00 (SGD)'), ('SINGCONTEC PTE. LTD.', '595,000.00 (SGD)'), ('SMS BUILDER PTE. LTD.', '1,111,888.00 (SGD)'), ('TENON CONSTRUCTION PTE. LTD.', '588,888.00 (SGD)'), ('THE TOOL BOX CONSTRUCTION PTE. LTD.', '398,700.00 (SGD)'), ('WD BUILDER PTE. LTD.', '394,200.00 (SGD)'), ('WHOOSH SINGAPORE PTE. LTD.', '505,860.00 (SGD)')]"
38,PENDING AWARD,Provision of Transport Services for the Integrated Waste Management Facility (IWMF),National Environment Agency,N/A,NEA000ETT25000020,N/A,"[('MAG TRANSPORTATIONS PTE. LTD.', '518,040.00 (SGD)'), ('NATIONAL CAR RENTALS (PRIVATE) LIMITED', '3,912,300.00 (SGD)'), ('SIN U LIAN TRAVEL & COACH PTE. LTD.', '546,480.00 (SGD)')]"
39,PENDING AWARD,QUOTATION FOR INSTRUMENTATION AND BUILDING SETTLEMENT MONITORING SERVICES FOR A 48-STOREY HIGH-RISE BUILDING AT TANGLIN HALT CONTRACT 2,Housing and Development Board,N/A,HDB000ETQ25000069,PCG-QN250013,N/A
40,PENDING AWARD,QUOTATION FOR SPECIALIST ACCREDITED CHECKING SERVICES FOR BUILDING WORKS PROJECT CH,Housing and Development Board,N/A,HDB000ETQ25000097,PCG-QN250023,N/A
41,PENDING AWARD,SPO-REQ-2025-002344-ED-TENDER FOR PROVISION OF CONSULTANCY SERVICES FOR THE INTEGRATED FACILITIES MANAGEMENT (IFM) CONTRACT,Singapore Polytechnic,N/A,SPO000ETT25000019,SPO-REQ-2025-002344,"[('ATS ADVISORY SERVICES', '111,000.00 (SGD)'), ('FAITHFUL+GOULD PTE. LIMITED', '89,000.00 (SGD)')]"
42,PENDING AWARD,Stage 2 - Tender for Multi-Disciplinary Consultancy Services for Proposed New Building,Ministry of Manpower-Ministry Headquarter,N/A,MOMHQ0ETT24000021,N/A,"[('AEDAS PTE. LTD.', ''), ('ARCHITECTS 61 PRIVATE LIMITED', ''), ('CPG CONSULTANTS PTE LTD', ''), ('DP ARCHITECTS PTE LTD.', ''), ('SAA ARCHITECTS PTE LTD', '')]"
43,PENDING AWARD,Supply and installation of Vehicle Speed Detectors at Waste Management Facilities.,National Environment Agency,N/A,NEA000ETQ25000064,N/A,N/A
44,PENDING AWARD,THE PROVISION OF MANAGING AGENT SERVICES FOR CORRUPT PRACTICES INVESTIGATION BUREAU (CPIB),Prime Minister's Office-Corrupt Practices Investigation Bureau,N/A,PMOCPIETT25000002,N/A,"[('C+H ASSOCIATES PTE. LTD.', '677,160.00 (SGD)'), ('CBM PTE. LTD.', '726,621.00 (SGD)'), ('CYCLECT FACILITIES MANAGEMENT PTE. LTD.', '472,260.00 (SGD)'), ('KNIGHT FRANK PROPERTY & FACILITIES MANAGEMENT PTE. LTD.', '593,220.00 (SGD)'), ('PROPERTY FACILITY SERVICES PTE. LTD.', '505,800.00 (SGD)'), ('UEMS SOLUTIONS PTE. LTD.', '495,423.00 (SGD)')]"
45,NO AWARD,"SPO-REQ-2025-000560-ED-TENDER FOR PROVISION OF CONSULTANCY SERVICES FOR THE INTEGRATED FACILITIES MANAGEMENT (IFM) CONTRACT AT SINGAPORE POLYTECHNIC,",Singapore Polytechnic,N/A,SPO000ETT24000060,SPO-REQ-2025-000560,"[('FAITHFUL+GOULD PTE. LIMITED', '113,000.00 (SGD)')]"
